<?xml version="1.0" encoding="utf-8"?>
<demos><!--This is an autogenerated file, please do not modify-->
   <name>PIETOOLS</name>
   <type>toolbox</type>
   <icon>HelpIcon.DEMOS</icon>
   <website/>
   <description>PIETOOLS can be used to:
- define 3-PI or 4-PI operators
- declare 3-PI or 4-PI operators variables (postive semidefinite or indefinite)
- add operator inequality constraints
- solve LPI optimization problems

The interface is inspired by YALMIP and the program structure is based on that used by SOSTOOLS. By default the LPIs are solved using SeDuMi, however, the toolbox also supports use of other SDP solvers such as Mosek, sdpt3 and sdpnal.

For more information on use, refer to the files in PIETOOLS/PIETOOLS_examples/ folder path.</description>
   <demosection>
      <label>PIETOOLS_demos</label>
      <demoitem>
         <label>DEMO1_Simple_Stability_Simulation_and_Control</label>
         <type>other</type>
         <source>DEMO1_Simple_Stability_Simulation_and_Control</source>
         <file>PIETOOLS_demos/html/DEMO1_Simple_Stability_Simulation_and_Control.html</file>
      </demoitem>
      <demoitem>
         <label>DEMO2_volterra_operator_norm</label>
         <type>other</type>
         <source>DEMO2_volterra_operator_norm</source>
         <file>PIETOOLS_demos/html/DEMO2_volterra_operator_norm.html</file>
      </demoitem>
      <demoitem>
         <label>DEMO3_poincare_inequality</label>
         <type>other</type>
         <source>DEMO3_poincare_inequality</source>
         <file>PIETOOLS_demos/html/DEMO3_poincare_inequality.html</file>
      </demoitem>
      <demoitem>
         <label>DEMO4_stability_parameter_bisection</label>
         <type>other</type>
         <source>DEMO4_stability_parameter_bisection</source>
         <file>PIETOOLS_demos/html/DEMO4_stability_parameter_bisection.html</file>
      </demoitem>
      <demoitem>
         <label>DEMO5_Hinf_optimal_estimator</label>
         <type>other</type>
         <source>DEMO5_Hinf_optimal_estimator</source>
         <file>PIETOOLS_demos/html/DEMO5_Hinf_optimal_estimator.html</file>
      </demoitem>
      <demoitem>
         <label>DEMO6_Hinf_optimal_control</label>
         <type>other</type>
         <source>DEMO6_Hinf_optimal_control</source>
         <file>PIETOOLS_demos/html/DEMO6_Hinf_optimal_control.html</file>
      </demoitem>
      <demoitem>
         <label>DEMO7_observer_based_control</label>
         <type>other</type>
         <source>DEMO7_observer_based_control</source>
         <file>PIETOOLS_demos/html/DEMO7_observer_based_control.html</file>
      </demoitem>
   </demosection>
</demos>